SerialNo.,HeatNo.,Component,A-TPartNo.,Size,Material,EndStyle,Notes,VendorNo.,PONo.,ShipmentReference,Date,FileName(exact).pdf
,0KSTL,BODY,T77-SO-0300-PXT-EP,"3""",CF3M,SO,,MAR001,55661,ATC32374B-a T77-SO,2021-01-22,ATC32374B-a T77-SO.pdf
,0KSUL,BODY,T77-SO-0300-PXT-EP,"3""",CF3M,SO,,MAR001,55661,ATC32374B-a T77-SO,2021-01-22,ATC32374B-a T77-SO.pdf
,0LGJL,BODY,T77-SO-0300-PXT-EP,"3""",CF3M,SO,,MAR001,55661,ATC32374B-a T77-SO,2021-01-22,ATC32374B-a T77-SO.pdf
,0LGKL,BODY,T77-SO-0300-PXT-EP,"3""",CF3M,SO,,MAR001,55661,ATC32374B-a T77-SO,2021-01-22,ATC32374B-a T77-SO.pdf
,4KHVL,BODY,T77-SO-0300-PXT-EP,"3""",CF3M,SO,,MAR001,55661,ATC32374B-a T77-SO,2021-01-22,ATC32374B-a T77-SO.pdf
,0KTKLS,END CAP,T77-SO-0300-PXT-EP,"3""",CF8M,SO,,MAR001,55661,ATC32374B-a T77-SO,2021-01-22,ATC32374B-a T77-SO.pdf
,0KTLLS,END CAP,T77-SO-0300-PXT-EP,"3""",CF8M,SO,,MAR001,55661,ATC32374B-a T77-SO,2021-01-22,ATC32374B-a T77-SO.pdf
,0KTMLS,END CAP,T77-SO-0300-PXT-EP,"3""",CF8M,SO,,MAR001,55661,ATC32374B-a T77-SO,2021-01-22,ATC32374B-a T77-SO.pdf
,0KTNLS,END CAP,T77-SO-0300-PXT-EP,"3""",CF8M,SO,,MAR001,55661,ATC32374B-a T77-SO,2021-01-22,ATC32374B-a T77-SO.pdf
,DLSD05B,BALL,T77-SO-0300-PXT-EP,"3""",,SO,,MAR001,55661,ATC32374B-a ball ,2021-01-22,ATC32374B-a ball .pdf
,DLSD98E,BALL,T77-SO-0300-PXT-EP,"3""",,SO,,MAR001,55661,ATC32374B-a ball ,2021-01-22,ATC32374B-a ball .pdf
,BLY054226,STEM,T77-SO-0300-PXT-EP,"3""",,SO,,MAR001,55661,ATC32374B-a stem ,2021-01-22,ATC32374B-a stem .pdf
,BL771201,STEM,T77-SO-0300-PXT-EP,"3""",,SO,,MAR001,55661,ATC32374B-a stem ,2021-01-22,ATC32374B-a stem .pdf
,0M9BW,BODY,31C-F1-0200-XXX-L,"2""",WCB,F1,,MAR001,55837,ATC32498D 31C-F1,2021-01-22,ATC32498D 31C-F1.pdf
,9M49W,BODY,31C-F1-0200-XXX-L,"2""",WCB,F1,,MAR001,55837,ATC32498D 31C-F1,2021-01-22,ATC32498D 31C-F1.pdf
,0M6HW,END CAP,31C-F1-0200-XXX-L,"2""",WCB,F1,,MAR001,55837,ATC32498D 31C-F1,2021-01-22,ATC32498D 31C-F1.pdf
,0M6KW,END CAP,31C-F1-0200-XXX-L,"2""",WCB,F1,,MAR001,55837,ATC32498D 31C-F1,2021-01-22,ATC32498D 31C-F1.pdf
,0MZVW,END CAP,31C-F1-0200-XXX-L,"2""",WCB,F1,,MAR001,55837,ATC32498D 31C-F1,2021-01-22,ATC32498D 31C-F1.pdf
,0MZWW,END CAP,31C-F1-0200-XXX-L,"2""",WCB,F1,,MAR001,55837,ATC32498D 31C-F1,2021-01-22,ATC32498D 31C-F1.pdf
,0M79W,TOP CAP,31C-F1-0200-XXX-L,"2""",WCB,F1,,MAR001,55837,ATC32498D 31C-F1,2021-01-22,ATC32498D 31C-F1.pdf
,0V79W,BODY,31C-F1-0600-XXX-L,"6""",WCB,F1,,MAR001,55837,ATC32498D 31C-F1,2021-01-22,ATC32498D 31C-F1.pdf
,0V7AW,END CAP,31C-F1-0600-XXX-L,"6""",WCB,F1,,MAR001,55837,ATC32498D 31C-F1,2021-01-22,ATC32498D 31C-F1.pdf
,0VX2W,END CAP,31C-F1-0600-XXX-L,"6""",WCB,F1,,MAR001,55837,ATC32498D 31C-F1,2021-01-22,ATC32498D 31C-F1.pdf
,0VX3W,END CAP,31C-F1-0600-XXX-L,"6""",WCB,F1,,MAR001,55837,ATC32498D 31C-F1,2021-01-22,ATC32498D 31C-F1.pdf
,0V7BW,TOP CAP,31C-F1-0600-XXX-L,"6""",WCB,F1,,MAR001,55837,ATC32498D 31C-F1,2021-01-22,ATC32498D 31C-F1.pdf
,0VX4W,TOP CAP,31C-F1-0600-XXX-L,"6""",WCB,F1,,MAR001,55837,ATC32498D 31C-F1,2021-01-22,ATC32498D 31C-F1.pdf
,0M8GC,BODY,90A-F1-0100-XXX,"1""",,F1,,MAR001,55876,ATC32530D 90A-F1,2021-01-22,ATC32530D 90A-F1.pdf
,0MZFC,BODY,90A-F1-0100-XXX,"1""",,F1,,MAR001,55876,ATC32530D 90A-F1,2021-01-22,ATC32530D 90A-F1.pdf
,0MZGC,END CAP,90A-F1-0100-XXX,"1""",,F1,,MAR001,55876,ATC32530D 90A-F1,2021-01-22,ATC32530D 90A-F1.pdf
,7P3GC,END CAP,90A-F1-0100-XXX,"1""",,F1,,MAR001,55876,ATC32530D 90A-F1,2021-01-22,ATC32530D 90A-F1.pdf
,0MZFC,BODY,90A-F1-0200-XXX,"2""",,F1,,MAR001,55876,ATC32530D 90A-F1,2021-01-22,ATC32530D 90A-F1.pdf
,0MZGC,END CAP,90A-F1-0200-XXX,"2""",,F1,,MAR001,55876,ATC32530D 90A-F1,2021-01-22,ATC32530D 90A-F1.pdf
,0KEGS,BODY,83-TH-0150-XXX,"1-1/2""",CF8M,TH,,MAR001,55946,ATC32569D 83-TH,2021-01-22,ATC32569D 83-TH.pdf
,0LKES,BODY,83-TH-0150-XXX,"1-1/2""",CF8M,TH,,MAR001,55946,ATC32569D 83-TH,2021-01-22,ATC32569D 83-TH.pdf
,0LKFS,BODY,83-TH-0150-XXX,"1-1/2""",CF8M,TH,,MAR001,55946,ATC32569D 83-TH,2021-01-22,ATC32569D 83-TH.pdf
,0GXMS,END CAP,83-TH-0150-XXX,"1-1/2""",CF8M,TH,,MAR001,55946,ATC32569D 83-TH,2021-01-22,ATC32569D 83-TH.pdf
,0MZ3LC,END CAP,C8-SW-0050-END,"1/2""",,SW,,MAR001,55947,ATC32570D C8-SW,2021-01-22,ATC32570D C8-SW.pdf
,0MZ3LC,END CAP,C8-SW-0100-END,"1""",,SW,,MAR001,55947,ATC32570D C8-SW,2021-01-22,ATC32570D C8-SW.pdf
,0KS9L,BODY,V7SA0200PXX6,"2""",CF3M,SA,,MAR001,55963,ATC32574B-a V7SA,2021-01-22,ATC32574B-a V7SA.pdf
,0KTDL,BODY,V7SA0200PXX6,"2""",CF3M,SA,,MAR001,55963,ATC32574B-a V7SA,2021-01-22,ATC32574B-a V7SA.pdf
,0KTEL,BODY,V7SA0200PXX6,"2""",CF3M,SA,,MAR001,55963,ATC32574B-a V7SA,2021-01-22,ATC32574B-a V7SA.pdf
,0K3JL,END CAP,V7SA0200PXX6,"2""",CF3M,SA,,MAR001,55963,ATC32574B-a V7SA,2021-01-22,ATC32574B-a V7SA.pdf
,0K3UL,END CAP,V7SA0200PXX6,"2""",CF3M,SA,,MAR001,55963,ATC32574B-a V7SA,2021-01-22,ATC32574B-a V7SA.pdf
,0KS5L,END CAP,V7SA0200PXX6,"2""",CF3M,SA,,MAR001,55963,ATC32574B-a V7SA,2021-01-22,ATC32574B-a V7SA.pdf
,9KE6L,END CAP,V7SA0200PXX6,"2""",CF3M,SA,,MAR001,55963,ATC32574B-a V7SA,2021-01-22,ATC32574B-a V7SA.pdf
,9KE9L,END CAP,V7SA0200PXX6,"2""",CF3M,SA,,MAR001,55963,ATC32574B-a V7SA,2021-01-22,ATC32574B-a V7SA.pdf
,9KMDL,END CAP,V7SA0200PXX6,"2""",CF3M,SA,,MAR001,55963,ATC32574B-a V7SA,2021-01-22,ATC32574B-a V7SA.pdf
,9KMEL,END CAP,V7SA0200PXX6,"2""",CF3M,SA,,MAR001,55963,ATC32574B-a V7SA,2021-01-22,ATC32574B-a V7SA.pdf
,9KRPL,END CAP,V7SA0200PXX6,"2""",CF3M,SA,,MAR001,55963,ATC32574B-a V7SA,2021-01-22,ATC32574B-a V7SA.pdf
,9KSSL,END CAP,V7SA0200PXX6,"2""",CF3M,SA,,MAR001,55963,ATC32574B-a V7SA,2021-01-22,ATC32574B-a V7SA.pdf
,HLS6AZ1,BALL,V7SA0200PXX6,"2""",,SA,,MAR001,55963,ATC32574B-a ball ,2021-01-22,ATC32574B-a ball .pdf
,BLS39141,STEM,V7SA0200PXX6,"2""",,SA,,MAR001,55963,ATC32574B-a stem ,2021-01-22,ATC32574B-a stem .pdf
,0MY5S,BODY,31-F1-0150-XXX-L,"1-1/2""",CF8M,F1,,MAR001,55964,ATC32575B 31-F1,2021-01-22,ATC32575B 31-F1.pdf
,0MY4S,END CAP,31-F1-0150-XXX-L,"1-1/2""",CF8M,F1,,MAR001,55964,ATC32575B 31-F1,2021-01-22,ATC32575B 31-F1.pdf
,0MYFS,END CAP,31-F1-0150-XXX-L,"1-1/2""",CF8M,F1,,MAR001,55964,ATC32575B 31-F1,2021-01-22,ATC32575B 31-F1.pdf
,0M3MS,TOP CAP,31-F1-0150-XXX-L,"1-1/2""",CF8M,F1,,MAR001,55964,ATC32575B 31-F1,2021-01-22,ATC32575B 31-F1.pdf
,0MY5S,BODY,31-F1-0150-XXX-T,"1-1/2""",CF8M,F1,,MAR001,55964,ATC32575B-a 31-F1,2021-01-22,ATC32575B-a 31-F1.pdf
,0MY4S,END CAP,31-F1-0150-XXX-T,"1-1/2""",CF8M,F1,,MAR001,55964,ATC32575B-a 31-F1,2021-01-22,ATC32575B-a 31-F1.pdf
,0MYFS,END CAP,31-F1-0150-XXX-T,"1-1/2""",CF8M,F1,,MAR001,55964,ATC32575B-a 31-F1,2021-01-22,ATC32575B-a 31-F1.pdf
,0M3MS,TOP CAP,31-F1-0150-XXX-T,"1-1/2""",CF8M,F1,,MAR001,55964,ATC32575B-a 31-F1,2021-01-22,ATC32575B-a 31-F1.pdf
,0752S,BODY,33-TH-0150-XXX-T,"1-1/2""",CF8M,TH,,MAR001,55964,ATC32575B-b 33-TH,2021-01-22,ATC32575B-b 33-TH.pdf
,0753S,BODY,33-TH-0150-XXX-T,"1-1/2""",CF8M,TH,,MAR001,55964,ATC32575B-b 33-TH,2021-01-22,ATC32575B-b 33-TH.pdf
,0754S,BODY,33-TH-0150-XXX-T,"1-1/2""",CF8M,TH,,MAR001,55964,ATC32575B-b 33-TH,2021-01-22,ATC32575B-b 33-TH.pdf
,0755S,BODY,33-TH-0150-XXX-T,"1-1/2""",CF8M,TH,,MAR001,55964,ATC32575B-b 33-TH,2021-01-22,ATC32575B-b 33-TH.pdf
,0761S,BODY,33-TH-0150-XXX-T,"1-1/2""",CF8M,TH,,MAR001,55964,ATC32575B-b 33-TH,2021-01-22,ATC32575B-b 33-TH.pdf
,0763S,BODY,33-TH-0150-XXX-T,"1-1/2""",CF8M,TH,,MAR001,55964,ATC32575B-b 33-TH,2021-01-22,ATC32575B-b 33-TH.pdf
,0765S,BODY,33-TH-0150-XXX-T,"1-1/2""",CF8M,TH,,MAR001,55964,ATC32575B-b 33-TH,2021-01-22,ATC32575B-b 33-TH.pdf
,973AS,BODY,33-TH-0150-XXX-T,"1-1/2""",CF8M,TH,,MAR001,55964,ATC32575B-b 33-TH,2021-01-22,ATC32575B-b 33-TH.pdf
,0F5RS,END CAP,33-TH-0150-XXX-T,"1-1/2""",CF8M,TH,,MAR001,55964,ATC32575B-b 33-TH,2021-01-22,ATC32575B-b 33-TH.pdf
,0LDRS,END CAP,33-TH-0150-XXX-T,"1-1/2""",CF8M,TH,,MAR001,55964,ATC32575B-b 33-TH,2021-01-22,ATC32575B-b 33-TH.pdf
,0LT5S,END CAP,33-TH-0150-XXX-T,"1-1/2""",CF8M,TH,,MAR001,55964,ATC32575B-b 33-TH,2021-01-22,ATC32575B-b 33-TH.pdf
,8G8OS,END CAP,33-TH-0150-XXX-T,"1-1/2""",CF8M,TH,,MAR001,55964,ATC32575B-b 33-TH,2021-01-22,ATC32575B-b 33-TH.pdf
,8G8PS,END CAP,33-TH-0150-XXX-T,"1-1/2""",CF8M,TH,,MAR001,55964,ATC32575B-b 33-TH,2021-01-22,ATC32575B-b 33-TH.pdf
,8L8CS,END CAP,33-TH-0150-XXX-T,"1-1/2""",CF8M,TH,,MAR001,55964,ATC32575B-b 33-TH,2021-01-22,ATC32575B-b 33-TH.pdf
,0LV7S,TOP CAP,33-TH-0150-XXX-T,"1-1/2""",CF8M,TH,,MAR001,55964,ATC32575B-b 33-TH,2021-01-22,ATC32575B-b 33-TH.pdf
,9EQZS,TOP CAP,33-TH-0150-XXX-T,"1-1/2""",CF8M,TH,,MAR001,55964,ATC32575B-b 33-TH,2021-01-22,ATC32575B-b 33-TH.pdf
,9F61S,TOP CAP,33-TH-0150-XXX-T,"1-1/2""",CF8M,TH,,MAR001,55964,ATC32575B-b 33-TH,2021-01-22,ATC32575B-b 33-TH.pdf
,092BS,BODY,33-F1-0300-XXX-L,"3""",CF8M,F1,,MAR001,55964,ATC32575B-c 33-F1,2021-01-22,ATC32575B-c 33-F1.pdf
,092DS,BODY,33-F1-0300-XXX-L,"3""",CF8M,F1,,MAR001,55964,ATC32575B-c 33-F1,2021-01-22,ATC32575B-c 33-F1.pdf
,092ES,BODY,33-F1-0300-XXX-L,"3""",CF8M,F1,,MAR001,55964,ATC32575B-c 33-F1,2021-01-22,ATC32575B-c 33-F1.pdf
,97ZVS,BODY,33-F1-0300-XXX-L,"3""",CF8M,F1,,MAR001,55964,ATC32575B-c 33-F1,2021-01-22,ATC32575B-c 33-F1.pdf
,994FS,BODY,33-F1-0300-XXX-L,"3""",CF8M,F1,,MAR001,55964,ATC32575B-c 33-F1,2021-01-22,ATC32575B-c 33-F1.pdf
,994GS,BODY,33-F1-0300-XXX-L,"3""",CF8M,F1,,MAR001,55964,ATC32575B-c 33-F1,2021-01-22,ATC32575B-c 33-F1.pdf
,9998S,BODY,33-F1-0300-XXX-L,"3""",CF8M,F1,,MAR001,55964,ATC32575B-c 33-F1,2021-01-22,ATC32575B-c 33-F1.pdf
,9999S,BODY,33-F1-0300-XXX-L,"3""",CF8M,F1,,MAR001,55964,ATC32575B-c 33-F1,2021-01-22,ATC32575B-c 33-F1.pdf
,999BS,BODY,33-F1-0300-XXX-L,"3""",CF8M,F1,,MAR001,55964,ATC32575B-c 33-F1,2021-01-22,ATC32575B-c 33-F1.pdf
,0E1RS,END CAP,33-F1-0300-XXX-L,"3""",CF8M,F1,,MAR001,55964,ATC32575B-c 33-F1,2021-01-22,ATC32575B-c 33-F1.pdf
,0EC2S,END CAP,33-F1-0300-XXX-L,"3""",CF8M,F1,,MAR001,55964,ATC32575B-c 33-F1,2021-01-22,ATC32575B-c 33-F1.pdf
,0EC3S,END CAP,33-F1-0300-XXX-L,"3""",CF8M,F1,,MAR001,55964,ATC32575B-c 33-F1,2021-01-22,ATC32575B-c 33-F1.pdf
,0KL5S,END CAP,33-F1-0300-XXX-L,"3""",CF8M,F1,,MAR001,55964,ATC32575B-c 33-F1,2021-01-22,ATC32575B-c 33-F1.pdf
,0KL6S,END CAP,33-F1-0300-XXX-L,"3""",CF8M,F1,,MAR001,55964,ATC32575B-c 33-F1,2021-01-22,ATC32575B-c 33-F1.pdf
,0LT2S,END CAP,33-F1-0300-XXX-L,"3""",CF8M,F1,,MAR001,55964,ATC32575B-c 33-F1,2021-01-22,ATC32575B-c 33-F1.pdf
,0LT3S,END CAP,33-F1-0300-XXX-L,"3""",CF8M,F1,,MAR001,55964,ATC32575B-c 33-F1,2021-01-22,ATC32575B-c 33-F1.pdf
,8EXLS,END CAP,33-F1-0300-XXX-L,"3""",CF8M,F1,,MAR001,55964,ATC32575B-c 33-F1,2021-01-22,ATC32575B-c 33-F1.pdf
,8LMJS,END CAP,33-F1-0300-XXX-L,"3""",CF8M,F1,,MAR001,55964,ATC32575B-c 33-F1,2021-01-22,ATC32575B-c 33-F1.pdf
,9EE7S,END CAP,33-F1-0300-XXX-L,"3""",CF8M,F1,,MAR001,55964,ATC32575B-c 33-F1,2021-01-22,ATC32575B-c 33-F1.pdf
,9EE8S,END CAP,33-F1-0300-XXX-L,"3""",CF8M,F1,,MAR001,55964,ATC32575B-c 33-F1,2021-01-22,ATC32575B-c 33-F1.pdf
,9EE9S,END CAP,33-F1-0300-XXX-L,"3""",CF8M,F1,,MAR001,55964,ATC32575B-c 33-F1,2021-01-22,ATC32575B-c 33-F1.pdf
,9EECS,END CAP,33-F1-0300-XXX-L,"3""",CF8M,F1,,MAR001,55964,ATC32575B-c 33-F1,2021-01-22,ATC32575B-c 33-F1.pdf
,9LQUS,END CAP,33-F1-0300-XXX-L,"3""",CF8M,F1,,MAR001,55964,ATC32575B-c 33-F1,2021-01-22,ATC32575B-c 33-F1.pdf
,9LQVS,END CAP,33-F1-0300-XXX-L,"3""",CF8M,F1,,MAR001,55964,ATC32575B-c 33-F1,2021-01-22,ATC32575B-c 33-F1.pdf
,9LQWS,END CAP,33-F1-0300-XXX-L,"3""",CF8M,F1,,MAR001,55964,ATC32575B-c 33-F1,2021-01-22,ATC32575B-c 33-F1.pdf
,0ECDS,TOP CAP,33-F1-0300-XXX-L,"3""",CF8M,F1,,MAR001,55964,ATC32575B-c 33-F1,2021-01-22,ATC32575B-c 33-F1.pdf
,0EGCS,TOP CAP,33-F1-0300-XXX-L,"3""",CF8M,F1,,MAR001,55964,ATC32575B-c 33-F1,2021-01-22,ATC32575B-c 33-F1.pdf
,0KAXS,TOP CAP,33-F1-0300-XXX-L,"3""",CF8M,F1,,MAR001,55964,ATC32575B-c 33-F1,2021-01-22,ATC32575B-c 33-F1.pdf
,0KAYS,TOP CAP,33-F1-0300-XXX-L,"3""",CF8M,F1,,MAR001,55964,ATC32575B-c 33-F1,2021-01-22,ATC32575B-c 33-F1.pdf
,0KCAS,TOP CAP,33-F1-0300-XXX-L,"3""",CF8M,F1,,MAR001,55964,ATC32575B-c 33-F1,2021-01-22,ATC32575B-c 33-F1.pdf
,0KQVL,BODY,77-SF-0250-P-XX,"2-1/2""",CF3M,SF,,MAR001,56000,ATC32592B 77-SF,2021-01-22,ATC32592B 77-SF.pdf
,0LQ9L,BODY,77-SF-0250-P-XX,"2-1/2""",CF3M,SF,,MAR001,56000,ATC32592B 77-SF,2021-01-22,ATC32592B 77-SF.pdf
,9KKKL,BODY,77-SF-0250-P-XX,"2-1/2""",CF3M,SF,,MAR001,56000,ATC32592B 77-SF,2021-01-22,ATC32592B 77-SF.pdf
,9KKLL,BODY,77-SF-0250-P-XX,"2-1/2""",CF3M,SF,,MAR001,56000,ATC32592B 77-SF,2021-01-22,ATC32592B 77-SF.pdf
,0KEXL,END CAP,77-SF-0250-P-XX,"2-1/2""",CF3M,SF,,MAR001,56000,ATC32592B 77-SF,2021-01-22,ATC32592B 77-SF.pdf
,0LXCL,END CAP,77-SF-0250-P-XX,"2-1/2""",CF3M,SF,,MAR001,56000,ATC32592B 77-SF,2021-01-22,ATC32592B 77-SF.pdf
,0LXDL,END CAP,77-SF-0250-P-XX,"2-1/2""",CF3M,SF,,MAR001,56000,ATC32592B 77-SF,2021-01-22,ATC32592B 77-SF.pdf
,0LXEL,END CAP,77-SF-0250-P-XX,"2-1/2""",CF3M,SF,,MAR001,56000,ATC32592B 77-SF,2021-01-22,ATC32592B 77-SF.pdf
,9KEGL,BODY,77-SF-0400-P-XX,"4""",CF3M,SF,,MAR001,56000,ATC32592B 77-SF,2021-01-22,ATC32592B 77-SF.pdf
,9KEHL,BODY,77-SF-0400-P-XX,"4""",CF3M,SF,,MAR001,56000,ATC32592B 77-SF,2021-01-22,ATC32592B 77-SF.pdf
,9KEJL,BODY,77-SF-0400-P-XX,"4""",CF3M,SF,,MAR001,56000,ATC32592B 77-SF,2021-01-22,ATC32592B 77-SF.pdf
,0KY8L,END CAP,77-SF-0400-P-XX,"4""",CF3M,SF,,MAR001,56000,ATC32592B 77-SF,2021-01-22,ATC32592B 77-SF.pdf
,DLSD9XC,BALL,77-SF-0250-P-XX,"2-1/2""",,SF,,MAR001,56000,ATC32592B ball ,2021-01-22,ATC32592B ball .pdf
,DLSD09A,BALL,77-SF-0400-P-XX,"4""",,SF,,MAR001,56000,ATC32592B ball ,2021-01-22,ATC32592B ball .pdf
,BLS36811,STEM,77-SF-0250-P-XX,"2-1/2""",,SF,,MAR001,56000,ATC32592B stem ,2021-01-22,ATC32592B stem .pdf
,MLS36811,STEM,77-SF-0400-P-XX,"4""",,SF,,MAR001,56000,ATC32592B stem ,2021-01-22,ATC32592B stem .pdf
,0LUFL,BODY,T77-SO-0050-PXT,"1/2""",CF3M,SO,,MAR001,56081,ATC32667B T77-SO,2021-01-22,ATC32667B T77-SO.pdf
,0L94LS,END CAP,T77-SO-0050-PXT,"1/2""",CF8M,SO,,MAR001,56081,ATC32667B T77-SO,2021-01-22,ATC32667B T77-SO.pdf
,9K4XLS,END CAP,T77-SO-0050-PXT,"1/2""",CF8M,SO,,MAR001,56081,ATC32667B T77-SO,2021-01-22,ATC32667B T77-SO.pdf
,9KX4LS,END CAP,T77-SO-0050-PXT,"1/2""",CF8M,SO,,MAR001,56081,ATC32667B T77-SO,2021-01-22,ATC32667B T77-SO.pdf
,0KSAL,BODY,T77-SO-0200-PXT,"2""",CF3M,SO,,MAR001,56081,ATC32667B-a T77-SO,2021-01-22,ATC32667B-a T77-SO.pdf
,0KSBL,BODY,T77-SO-0200-PXT,"2""",CF3M,SO,,MAR001,56081,ATC32667B-a T77-SO,2021-01-22,ATC32667B-a T77-SO.pdf
,0KTDL,BODY,T77-SO-0200-PXT,"2""",CF3M,SO,,MAR001,56081,ATC32667B-a T77-SO,2021-01-22,ATC32667B-a T77-SO.pdf
,0KTEL,BODY,T77-SO-0200-PXT,"2""",CF3M,SO,,MAR001,56081,ATC32667B-a T77-SO,2021-01-22,ATC32667B-a T77-SO.pdf
,0EYSLS,END CAP,T77-SO-0200-PXT,"2""",CF8M,SO,,MAR001,56081,ATC32667B-a T77-SO,2021-01-22,ATC32667B-a T77-SO.pdf
,0EYTLS,END CAP,T77-SO-0200-PXT,"2""",CF8M,SO,,MAR001,56081,ATC32667B-a T77-SO,2021-01-22,ATC32667B-a T77-SO.pdf
,9LG1LS,END CAP,T77-SO-0200-PXT,"2""",CF8M,SO,,MAR001,56081,ATC32667B-a T77-SO,2021-01-22,ATC32667B-a T77-SO.pdf
,DLS1688,BALL,T77-SO-0050-PXT,"1/2""",,SO,,MAR001,56081,ATC32667B stem+ball ,2021-01-22,ATC32667B stem+ball .pdf
,MLS185453,STEM,T77-SO-0050-PXT,"1/2""",,SO,,MAR001,56081,ATC32667B stem+ball ,2021-01-22,ATC32667B stem+ball .pdf
,DLSD0ZB,BALL,T77-SO-0200-PXT,"2""",,SO,,MAR001,56081,ATC32667B-a ball ,2021-01-22,ATC32667B-a ball .pdf
,DLS8-12,BALL,T77-SO-0200-PXT,"2""",,SO,,MAR001,56081,ATC32667B-a ball ,2021-01-22,ATC32667B-a ball .pdf
,BLS39141,STEM,T77-SO-0200-PXT,"2""",,SO,,MAR001,56081,ATC32667B-a stem,2021-01-22,ATC32667B-a stem.pdf
,0EF1S,BODY,NS20-TH-0050-XXX,"1/2""",CF8M,TH,,MAR001,56108,ATC32708C NS20-TH,2021-01-22,ATC32708C NS20-TH.pdf
,0EF2S,BODY,NS20-TH-0050-XXX,"1/2""",CF8M,TH,,MAR001,56108,ATC32708C NS20-TH,2021-01-22,ATC32708C NS20-TH.pdf
,0EF3S,BODY,NS20-TH-0050-XXX,"1/2""",CF8M,TH,,MAR001,56108,ATC32708C NS20-TH,2021-01-22,ATC32708C NS20-TH.pdf
,0EF4S,BODY,NS20-TH-0050-XXX,"1/2""",CF8M,TH,,MAR001,56108,ATC32708C NS20-TH,2021-01-22,ATC32708C NS20-TH.pdf
,0L8ES,BODY,NS20-TH-0050-XXX,"1/2""",CF8M,TH,,MAR001,56108,ATC32708C NS20-TH,2021-01-22,ATC32708C NS20-TH.pdf
,0L8FS,BODY,NS20-TH-0050-XXX,"1/2""",CF8M,TH,,MAR001,56108,ATC32708C NS20-TH,2021-01-22,ATC32708C NS20-TH.pdf
,0LRES,BODY,NS20-TH-0050-XXX,"1/2""",CF8M,TH,,MAR001,56108,ATC32708C NS20-TH,2021-01-22,ATC32708C NS20-TH.pdf
,0FK1S,END CAP,NS20-TH-0050-XXX,"1/2""",CF8M,TH,,MAR001,56108,ATC32708C NS20-TH,2021-01-22,ATC32708C NS20-TH.pdf
,0KYKS,END CAP,NS20-TH-0050-XXX,"1/2""",CF8M,TH,,MAR001,56108,ATC32708C NS20-TH,2021-01-22,ATC32708C NS20-TH.pdf
,0KYLS,END CAP,NS20-TH-0050-XXX,"1/2""",CF8M,TH,,MAR001,56108,ATC32708C NS20-TH,2021-01-22,ATC32708C NS20-TH.pdf
,0LHGS,END CAP,NS20-TH-0050-XXX,"1/2""",CF8M,TH,,MAR001,56108,ATC32708C NS20-TH,2021-01-22,ATC32708C NS20-TH.pdf
,0LHHS,END CAP,NS20-TH-0050-XXX,"1/2""",CF8M,TH,,MAR001,56108,ATC32708C NS20-TH,2021-01-22,ATC32708C NS20-TH.pdf
,0LHKS,END CAP,NS20-TH-0050-XXX,"1/2""",CF8M,TH,,MAR001,56108,ATC32708C NS20-TH,2021-01-22,ATC32708C NS20-TH.pdf
,0FUYS,BODY,NS55-TH-0100-XXX,"1""",CF8M,TH,,MAR001,56108,ATC32708C-a NS55-TH,2021-01-22,ATC32708C-a NS55-TH.pdf
,0E8CS,END CAP,NS55-TH-0100-XXX,"1""",CF8M,TH,,MAR001,56108,ATC32708C-a NS55-TH,2021-01-22,ATC32708C-a NS55-TH.pdf
,0E8DS,END CAP,NS55-TH-0100-XXX,"1""",CF8M,TH,,MAR001,56108,ATC32708C-a NS55-TH,2021-01-22,ATC32708C-a NS55-TH.pdf
,0E8ES,END CAP,NS55-TH-0100-XXX,"1""",CF8M,TH,,MAR001,56108,ATC32708C-a NS55-TH,2021-01-22,ATC32708C-a NS55-TH.pdf
,0E8FS,END CAP,NS55-TH-0100-XXX,"1""",CF8M,TH,,MAR001,56108,ATC32708C-a NS55-TH,2021-01-22,ATC32708C-a NS55-TH.pdf
,0E8GS,END CAP,NS55-TH-0100-XXX,"1""",CF8M,TH,,MAR001,56108,ATC32708C-a NS55-TH,2021-01-22,ATC32708C-a NS55-TH.pdf
,0E8HS,END CAP,NS55-TH-0100-XXX,"1""",CF8M,TH,,MAR001,56108,ATC32708C-a NS55-TH,2021-01-22,ATC32708C-a NS55-TH.pdf
,0E8JS,END CAP,NS55-TH-0100-XXX,"1""",CF8M,TH,,MAR001,56108,ATC32708C-a NS55-TH,2021-01-22,ATC32708C-a NS55-TH.pdf
,0E8KS,END CAP,NS55-TH-0100-XXX,"1""",CF8M,TH,,MAR001,56108,ATC32708C-a NS55-TH,2021-01-22,ATC32708C-a NS55-TH.pdf
,T6ST083,BALL,NS20-TH-0050-XXX,"1/2""",,TH,,MAR001,56108,ATC32708C stem+ball,2021-01-22,ATC32708C stem+ball.pdf
,K6186424,STEM,NS20-TH-0050-XXX,"1/2""",,TH,,MAR001,56108,ATC32708C stem+ball,2021-01-22,ATC32708C stem+ball.pdf
,H6SH97C,BALL,NS55-TH-0100-XXX,"1""",,TH,,MAR001,56108,ATC32708C-a stem+ball,2021-01-22,ATC32708C-a stem+ball.pdf
,K6876307,STEM,NS55-TH-0100-XXX,"1""",,TH,,MAR001,56108,ATC32708C-a stem+ball,2021-01-22,ATC32708C-a stem+ball.pdf
,0H5B4G,BODY,10-TH-0025-XXX,"1/4""",,TH,,MAR001,56109,ATC32709B 10-TH,2021-01-22,ATC32709B 10-TH.pdf
,0D815G,BODY,10-TH-0025-XXX,"1/4""",,TH,,MAR001,56109,ATC32709B 10-TH,2021-01-22,ATC32709B 10-TH.pdf
,7H706G,BODY,10-TH-0025-XXX,"1/4""",,TH,,MAR001,56109,ATC32709B 10-TH,2021-01-22,ATC32709B 10-TH.pdf
,8B4EW,BODY,21C-TH-0025-XXX,"1/4""",WCB,TH,,MAR001,56109,ATC32709B-a 21C-TH,2021-01-22,ATC32709B-a 21C-TH.pdf
,8YX3W,BODY,21C-TH-0025-XXX,"1/4""",WCB,TH,,MAR001,56109,ATC32709B-a 21C-TH,2021-01-22,ATC32709B-a 21C-TH.pdf
,9A8YW,END CAP,21C-TH-0025-XXX,"1/4""",WCB,TH,,MAR001,56109,ATC32709B-a 21C-TH,2021-01-22,ATC32709B-a 21C-TH.pdf
,9Y75W,END CAP,21C-TH-0025-XXX,"1/4""",WCB,TH,,MAR001,56109,ATC32709B-a 21C-TH,2021-01-22,ATC32709B-a 21C-TH.pdf
,8A36W,BODY,21C-TH-0075-XXX,"3/4""",WCB,TH,,MAR001,56109,ATC32709B-a 21C-TH,2021-01-22,ATC32709B-a 21C-TH.pdf
,9SYHW,BODY,21C-TH-0075-XXX,"3/4""",WCB,TH,,MAR001,56109,ATC32709B-a 21C-TH,2021-01-22,ATC32709B-a 21C-TH.pdf
,0AYBW,END CAP,21C-TH-0075-XXX,"3/4""",WCB,TH,,MAR001,56109,ATC32709B-a 21C-TH,2021-01-22,ATC32709B-a 21C-TH.pdf
,0AZGW,END CAP,21C-TH-0075-XXX,"3/4""",WCB,TH,,MAR001,56109,ATC32709B-a 21C-TH,2021-01-22,ATC32709B-a 21C-TH.pdf
,0EKFS,BODY,83-TH-0050-XXX,"1/2""",CF8M,TH,,MAR001,56111,ATC32711B 83-TH,2021-01-22,ATC32711B 83-TH.pdf
,0KNWS,BODY,83-TH-0050-XXX,"1/2""",CF8M,TH,,MAR001,56111,ATC32711B 83-TH,2021-01-22,ATC32711B 83-TH.pdf
,0L7MS,BODY,83-TH-0050-XXX,"1/2""",CF8M,TH,,MAR001,56111,ATC32711B 83-TH,2021-01-22,ATC32711B 83-TH.pdf
,0L7NS,BODY,83-TH-0050-XXX,"1/2""",CF8M,TH,,MAR001,56111,ATC32711B 83-TH,2021-01-22,ATC32711B 83-TH.pdf
,0LPKS,BODY,83-TH-0050-XXX,"1/2""",CF8M,TH,,MAR001,56111,ATC32711B 83-TH,2021-01-22,ATC32711B 83-TH.pdf
,0LPLS,BODY,83-TH-0050-XXX,"1/2""",CF8M,TH,,MAR001,56111,ATC32711B 83-TH,2021-01-22,ATC32711B 83-TH.pdf
,0FD2S,END CAP,83-TH-0050-XXX,"1/2""",CF8M,TH,,MAR001,56111,ATC32711B 83-TH,2021-01-22,ATC32711B 83-TH.pdf
,0KQ3S,END CAP,83-TH-0050-XXX,"1/2""",CF8M,TH,,MAR001,56111,ATC32711B 83-TH,2021-01-22,ATC32711B 83-TH.pdf
,0LHPS,END CAP,83-TH-0050-XXX,"1/2""",CF8M,TH,,MAR001,56111,ATC32711B 83-TH,2021-01-22,ATC32711B 83-TH.pdf
,0LHQS,END CAP,83-TH-0050-XXX,"1/2""",CF8M,TH,,MAR001,56111,ATC32711B 83-TH,2021-01-22,ATC32711B 83-TH.pdf
,0LHRS,END CAP,83-TH-0050-XXX,"1/2""",CF8M,TH,,MAR001,56111,ATC32711B 83-TH,2021-01-22,ATC32711B 83-TH.pdf
,0LP5S,END CAP,83-TH-0050-XXX,"1/2""",CF8M,TH,,MAR001,56111,ATC32711B 83-TH,2021-01-22,ATC32711B 83-TH.pdf
,0LRWS,END CAP,83-TH-0050-XXX,"1/2""",CF8M,TH,,MAR001,56111,ATC32711B 83-TH,2021-01-22,ATC32711B 83-TH.pdf
,0Z23S,END CAP,83-TH-0050-XXX,"1/2""",CF8M,TH,,MAR001,56111,ATC32711B 83-TH,2021-01-22,ATC32711B 83-TH.pdf
,9LUYS,END CAP,83-TH-0050-XXX,"1/2""",CF8M,TH,,MAR001,56111,ATC32711B 83-TH,2021-01-22,ATC32711B 83-TH.pdf
,9LUZS,END CAP,83-TH-0050-XXX,"1/2""",CF8M,TH,,MAR001,56111,ATC32711B 83-TH,2021-01-22,ATC32711B 83-TH.pdf
,9LW2S,END CAP,83-TH-0050-XXX,"1/2""",CF8M,TH,,MAR001,56111,ATC32711B 83-TH,2021-01-22,ATC32711B 83-TH.pdf
,0FXCS,BODY,8R-TH-0050-XXX,"1/2""",CF8M,TH,,MAR001,56112,ATC32712A 8R-TH,2021-01-22,ATC32712A 8R-TH.pdf
,0EJCS,END CAP,8R-TH-0050-XXX,"1/2""",CF8M,TH,,MAR001,56112,ATC32712A 8R-TH,2021-01-22,ATC32712A 8R-TH.pdf
,0FBTS,END CAP,8R-TH-0050-XXX,"1/2""",CF8M,TH,,MAR001,56112,ATC32712A 8R-TH,2021-01-22,ATC32712A 8R-TH.pdf
,9GEHS,END CAP,8R-TH-0050-XXX,"1/2""",CF8M,TH,,MAR001,56112,ATC32712A 8R-TH,2021-01-22,ATC32712A 8R-TH.pdf
,0E5TS,BODY,88-TH-0025-XXX,"1/4""",CF8M,TH,,MAR001,56112,ATC32712A-a 88-TH,2021-01-22,ATC32712A-a 88-TH.pdf
,0KJAS,BODY,88-TH-0025-XXX,"1/4""",CF8M,TH,,MAR001,56112,ATC32712A-a 88-TH,2021-01-22,ATC32712A-a 88-TH.pdf
,0LCYS,BODY,88-TH-0025-XXX,"1/4""",CF8M,TH,,MAR001,56112,ATC32712A-a 88-TH,2021-01-22,ATC32712A-a 88-TH.pdf
,9GJSS,BODY,88-TH-0025-XXX,"1/4""",CF8M,TH,,MAR001,56112,ATC32712A-a 88-TH,2021-01-22,ATC32712A-a 88-TH.pdf
,0M5LS,END CAP,88-TH-0025-XXX,"1/4""",CF8M,TH,,MAR001,56112,ATC32712A-a 88-TH,2021-01-22,ATC32712A-a 88-TH.pdf
,0M74S,END CAP,88-TH-0025-XXX,"1/4""",CF8M,TH,,MAR001,56112,ATC32712A-a 88-TH,2021-01-22,ATC32712A-a 88-TH.pdf
,9S9CS,END CAP,88-TH-0025-XXX,"1/4""",CF8M,TH,,MAR001,56112,ATC32712A-a 88-TH,2021-01-22,ATC32712A-a 88-TH.pdf
,0FUXS,BODY,88-SW-0075-XXX,"3/4""",CF8M,SW,,MAR001,56112,ATC32712A-b 88-SW,2021-01-22,ATC32712A-b 88-SW.pdf
,0LTZS,BODY,88-SW-0075-XXX,"3/4""",CF8M,SW,,MAR001,56112,ATC32712A-b 88-SW,2021-01-22,ATC32712A-b 88-SW.pdf
,0E6FS,BODY,88-SW-0150-XXX,"1-1/2""",CF8M,SW,,MAR001,56112,ATC32712A-b 88-SW,2021-01-22,ATC32712A-b 88-SW.pdf
,0E6HS,BODY,88-SW-0150-XXX,"1-1/2""",CF8M,SW,,MAR001,56112,ATC32712A-b 88-SW,2021-01-22,ATC32712A-b 88-SW.pdf
,0K5PS,BODY,88-SW-0150-XXX,"1-1/2""",CF8M,SW,,MAR001,56112,ATC32712A-b 88-SW,2021-01-22,ATC32712A-b 88-SW.pdf
,0L6VS,BODY,88-SW-0150-XXX,"1-1/2""",CF8M,SW,,MAR001,56112,ATC32712A-b 88-SW,2021-01-22,ATC32712A-b 88-SW.pdf
,0L6WS,BODY,88-SW-0150-XXX,"1-1/2""",CF8M,SW,,MAR001,56112,ATC32712A-b 88-SW,2021-01-22,ATC32712A-b 88-SW.pdf
,0KOKL,END CAP,88-SW-0075-XXX,"3/4""",CF3M,SW,,MAR001,56112,ATC32712A-c 88-SW,2021-01-22,ATC32712A-c 88-SW.pdf
,0K8TL,END CAP,88-SW-0075-XXX,"3/4""",CF3M,SW,,MAR001,56112,ATC32712A-c 88-SW,2021-01-22,ATC32712A-c 88-SW.pdf
,0KE4L,END CAP,88-SW-0075-XXX,"3/4""",CF3M,SW,,MAR001,56112,ATC32712A-c 88-SW,2021-01-22,ATC32712A-c 88-SW.pdf
,0KE5L,END CAP,88-SW-0075-XXX,"3/4""",CF3M,SW,,MAR001,56112,ATC32712A-c 88-SW,2021-01-22,ATC32712A-c 88-SW.pdf
,0L91L,END CAP,88-SW-0075-XXX,"3/4""",CF3M,SW,,MAR001,56112,ATC32712A-c 88-SW,2021-01-22,ATC32712A-c 88-SW.pdf
,9L7BL,END CAP,88-SW-0075-XXX,"3/4""",CF3M,SW,,MAR001,56112,ATC32712A-c 88-SW,2021-01-22,ATC32712A-c 88-SW.pdf
,9L7CL,END CAP,88-SW-0075-XXX,"3/4""",CF3M,SW,,MAR001,56112,ATC32712A-c 88-SW,2021-01-22,ATC32712A-c 88-SW.pdf
,0K3GL,END CAP,88-SW-0150-XXX,"1-1/2""",CF3M,SW,,MAR001,56112,ATC32712A-c 88-SW,2021-01-22,ATC32712A-c 88-SW.pdf
,0K3HL,END CAP,88-SW-0150-XXX,"1-1/2""",CF3M,SW,,MAR001,56112,ATC32712A-c 88-SW,2021-01-22,ATC32712A-c 88-SW.pdf
,0K3IL,END CAP,88-SW-0150-XXX,"1-1/2""",CF3M,SW,,MAR001,56112,ATC32712A-c 88-SW,2021-01-22,ATC32712A-c 88-SW.pdf
,0KUUL,END CAP,88-SW-0150-XXX,"1-1/2""",CF3M,SW,,MAR001,56112,ATC32712A-c 88-SW,2021-01-22,ATC32712A-c 88-SW.pdf
,0KUVL,END CAP,88-SW-0150-XXX,"1-1/2""",CF3M,SW,,MAR001,56112,ATC32712A-c 88-SW,2021-01-22,ATC32712A-c 88-SW.pdf
,9L7FL,END CAP,88-SW-0150-XXX,"1-1/2""",CF3M,SW,,MAR001,56112,ATC32712A-c 88-SW,2021-01-22,ATC32712A-c 88-SW.pdf
,0LJSS,BODY,90-F1-0250-XXX,"2-1/2""",CF8M,F1,,MAR001,56112,ATC32712A-d 90-F1,2021-01-22,ATC32712A-d 90-F1.pdf
,9LO2S,BODY,90-F1-0250-XXX,"2-1/2""",CF8M,F1,,MAR001,56112,ATC32712A-d 90-F1,2021-01-22,ATC32712A-d 90-F1.pdf
,9RNAS,BODY,90-F1-0250-XXX,"2-1/2""",CF8M,F1,,MAR001,56112,ATC32712A-d 90-F1,2021-01-22,ATC32712A-d 90-F1.pdf
,0KSCS,END CAP,90-F1-0250-XXX,"2-1/2""",CF8M,F1,,MAR001,56112,ATC32712A-d 90-F1,2021-01-22,ATC32712A-d 90-F1.pdf
,0KSDS,END CAP,90-F1-0250-XXX,"2-1/2""",CF8M,F1,,MAR001,56112,ATC32712A-d 90-F1,2021-01-22,ATC32712A-d 90-F1.pdf
,9EY3S,END CAP,90-F1-0250-XXX,"2-1/2""",CF8M,F1,,MAR001,56112,ATC32712A-d 90-F1,2021-01-22,ATC32712A-d 90-F1.pdf
,9EY4S,END CAP,90-F1-0250-XXX,"2-1/2""",CF8M,F1,,MAR001,56112,ATC32712A-d 90-F1,2021-01-22,ATC32712A-d 90-F1.pdf
,0KFDW,BODY,90C-F1-0075-XXX,"3/4""",WCB,F1,,MAR001,56112,ATC32712A-e 90C-F1,2021-01-22,ATC32712A-e 90C-F1.pdf
,0KFTW,BODY,90C-F1-0075-XXX,"3/4""",WCB,F1,,MAR001,56112,ATC32712A-e 90C-F1,2021-01-22,ATC32712A-e 90C-F1.pdf
,0KFBW,END CAP,90C-F1-0075-XXX,"3/4""",WCB,F1,,MAR001,56112,ATC32712A-e 90C-F1,2021-01-22,ATC32712A-e 90C-F1.pdf
,9S14W,END CAP,90C-F1-0075-XXX,"3/4""",WCB,F1,,MAR001,56112,ATC32712A-e 90C-F1,2021-01-22,ATC32712A-e 90C-F1.pdf
,0KYGW,BODY,90C-F1-0400-XXX,"4""",WCB,F1,,MAR001,56112,ATC32712A-e 90C-F1,2021-01-22,ATC32712A-e 90C-F1.pdf
,0KYHW,BODY,90C-F1-0400-XXX,"4""",WCB,F1,,MAR001,56112,ATC32712A-e 90C-F1,2021-01-22,ATC32712A-e 90C-F1.pdf
,0KYJW,BODY,90C-F1-0400-XXX,"4""",WCB,F1,,MAR001,56112,ATC32712A-e 90C-F1,2021-01-22,ATC32712A-e 90C-F1.pdf
,0KYJW,BODY,90C-F1-0400-XXX,"4""",WCB,F1,,MAR001,56112,ATC32712A-e 90C-F1,2021-01-22,ATC32712A-e 90C-F1.pdf
,0KY9W,END CAP,90C-F1-0400-XXX,"4""",WCB,F1,,MAR001,56112,ATC32712A-e 90C-F1,2021-01-22,ATC32712A-e 90C-F1.pdf
,0KYAW,END CAP,90C-F1-0400-XXX,"4""",WCB,F1,,MAR001,56112,ATC32712A-e 90C-F1,2021-01-22,ATC32712A-e 90C-F1.pdf
,0KYBW,END CAP,90C-F1-0400-XXX,"4""",WCB,F1,,MAR001,56112,ATC32712A-e 90C-F1,2021-01-22,ATC32712A-e 90C-F1.pdf
,9K9FW,END CAP,90C-F1-0400-XXX,"4""",WCB,F1,,MAR001,56112,ATC32712A-e 90C-F1,2021-01-22,ATC32712A-e 90C-F1.pdf
,9K9KW,END CAP,90C-F1-0400-XXX,"4""",WCB,F1,,MAR001,56112,ATC32712A-e 90C-F1,2021-01-22,ATC32712A-e 90C-F1.pdf
,9K9NW,END CAP,90C-F1-0400-XXX,"4""",WCB,F1,,MAR001,56112,ATC32712A-e 90C-F1,2021-01-22,ATC32712A-e 90C-F1.pdf
,9LR2W,END CAP,90C-F1-0400-XXX,"4""",WCB,F1,,MAR001,56112,ATC32712A-e 90C-F1,2021-01-22,ATC32712A-e 90C-F1.pdf
,9LRCW,END CAP,90C-F1-0400-XXX,"4""",WCB,F1,,MAR001,56112,ATC32712A-e 90C-F1,2021-01-22,ATC32712A-e 90C-F1.pdf
,0EKFS,BODY,F83-TH-0050-XXX,"1/2""",CF8M,TH,,MAR001,56113,ATC32713A F83-TH,2021-01-22,ATC32713A F83-TH.pdf
,0RN1S,BODY,F83-TH-0050-XXX,"1/2""",CF8M,TH,,MAR001,56113,ATC32713A F83-TH,2021-01-22,ATC32713A F83-TH.pdf
,0RN2S,BODY,F83-TH-0050-XXX,"1/2""",CF8M,TH,,MAR001,56113,ATC32713A F83-TH,2021-01-22,ATC32713A F83-TH.pdf
,0KQ3S,END CAP,F83-TH-0050-XXX,"1/2""",CF8M,TH,,MAR001,56113,ATC32713A F83-TH,2021-01-22,ATC32713A F83-TH.pdf
,0KQ4S,END CAP,F83-TH-0050-XXX,"1/2""",CF8M,TH,,MAR001,56113,ATC32713A F83-TH,2021-01-22,ATC32713A F83-TH.pdf
,0LHPS,END CAP,F83-TH-0050-XXX,"1/2""",CF8M,TH,,MAR001,56113,ATC32713A F83-TH,2021-01-22,ATC32713A F83-TH.pdf
,0LHQS,END CAP,F83-TH-0050-XXX,"1/2""",CF8M,TH,,MAR001,56113,ATC32713A F83-TH,2021-01-22,ATC32713A F83-TH.pdf
,0LHRS,END CAP,F83-TH-0050-XXX,"1/2""",CF8M,TH,,MAR001,56113,ATC32713A F83-TH,2021-01-22,ATC32713A F83-TH.pdf
,0FXCS,BODY,F8R-SW-0050-XXX,"1/2""",CF8M,SW,,MAR001,56113,ATC32713A-a F8R-SW,2021-01-22,ATC32713A-a F8R-SW.pdf
,9GJRS,BODY,F8R-SW-0050-XXX,"1/2""",CF8M,SW,,MAR001,56113,ATC32713A-a F8R-SW,2021-01-22,ATC32713A-a F8R-SW.pdf
,0KU7L,END CAP,F8R-SW-0050-XXX,"1/2""",CF3M,SW,,MAR001,56113,ATC32713A-b F8R-SW,2021-01-22,ATC32713A-b F8R-SW.pdf
,0K8VS,BODY,F88-SW-0200-XXX,"2""",CF8M,SW,,MAR001,56113,ATC32713A-c F88-SW,2021-01-22,ATC32713A-c F88-SW.pdf
,9GLBS,BODY,F88-SW-0200-XXX,"2""",CF8M,SW,,MAR001,56113,ATC32713A-c F88-SW,2021-01-22,ATC32713A-c F88-SW.pdf
,9GZ3S,BODY,F88-SW-0200-XXX,"2""",CF8M,SW,,MAR001,56113,ATC32713A-c F88-SW,2021-01-22,ATC32713A-c F88-SW.pdf
,9GZ4S,BODY,F88-SW-0200-XXX,"2""",CF8M,SW,,MAR001,56113,ATC32713A-c F88-SW,2021-01-22,ATC32713A-c F88-SW.pdf
,9GZ5S,BODY,F88-SW-0200-XXX,"2""",CF8M,SW,,MAR001,56113,ATC32713A-c F88-SW,2021-01-22,ATC32713A-c F88-SW.pdf
,9GZ6S,BODY,F88-SW-0200-XXX,"2""",CF8M,SW,,MAR001,56113,ATC32713A-c F88-SW,2021-01-22,ATC32713A-c F88-SW.pdf
,9GZ7S,BODY,F88-SW-0200-XXX,"2""",CF8M,SW,,MAR001,56113,ATC32713A-c F88-SW,2021-01-22,ATC32713A-c F88-SW.pdf
,9GZ8S,BODY,F88-SW-0200-XXX,"2""",CF8M,SW,,MAR001,56113,ATC32713A-c F88-SW,2021-01-22,ATC32713A-c F88-SW.pdf
,9GZAS,BODY,F88-SW-0200-XXX,"2""",CF8M,SW,,MAR001,56113,ATC32713A-c F88-SW,2021-01-22,ATC32713A-c F88-SW.pdf
,9GZCS,BODY,F88-SW-0200-XXX,"2""",CF8M,SW,,MAR001,56113,ATC32713A-c F88-SW,2021-01-22,ATC32713A-c F88-SW.pdf
,9KMDS,BODY,F88-SW-0200-XXX,"2""",CF8M,SW,,MAR001,56113,ATC32713A-c F88-SW,2021-01-22,ATC32713A-c F88-SW.pdf
,9KMES,BODY,F88-SW-0200-XXX,"2""",CF8M,SW,,MAR001,56113,ATC32713A-c F88-SW,2021-01-22,ATC32713A-c F88-SW.pdf
,9KMFS,BODY,F88-SW-0200-XXX,"2""",CF8M,SW,,MAR001,56113,ATC32713A-c F88-SW,2021-01-22,ATC32713A-c F88-SW.pdf
,9KMGS,BODY,F88-SW-0200-XXX,"2""",CF8M,SW,,MAR001,56113,ATC32713A-c F88-SW,2021-01-22,ATC32713A-c F88-SW.pdf
,9LVNS,BODY,F88-SW-0200-XXX,"2""",CF8M,SW,,MAR001,56113,ATC32713A-c F88-SW,2021-01-22,ATC32713A-c F88-SW.pdf
,0KS2L,END CAP,F88-SW-0200-XXX,"2""",CF3M,SW,,MAR001,56113,ATC32713A-d F88-SW,2021-01-22,ATC32713A-d F88-SW.pdf
,0KS3L,END CAP,F88-SW-0200-XXX,"2""",CF3M,SW,,MAR001,56113,ATC32713A-d F88-SW,2021-01-22,ATC32713A-d F88-SW.pdf
,0KS4L,END CAP,F88-SW-0200-XXX,"2""",CF3M,SW,,MAR001,56113,ATC32713A-d F88-SW,2021-01-22,ATC32713A-d F88-SW.pdf
,0KUCL,END CAP,F88-SW-0200-XXX,"2""",CF3M,SW,,MAR001,56113,ATC32713A-d F88-SW,2021-01-22,ATC32713A-d F88-SW.pdf
,0KUDL,END CAP,F88-SW-0200-XXX,"2""",CF3M,SW,,MAR001,56113,ATC32713A-d F88-SW,2021-01-22,ATC32713A-d F88-SW.pdf
,0KUEL,END CAP,F88-SW-0200-XXX,"2""",CF3M,SW,,MAR001,56113,ATC32713A-d F88-SW,2021-01-22,ATC32713A-d F88-SW.pdf
,0L8DL,END CAP,F88-SW-0200-XXX,"2""",CF3M,SW,,MAR001,56113,ATC32713A-d F88-SW,2021-01-22,ATC32713A-d F88-SW.pdf
,0L8EL,END CAP,F88-SW-0200-XXX,"2""",CF3M,SW,,MAR001,56113,ATC32713A-d F88-SW,2021-01-22,ATC32713A-d F88-SW.pdf
,0L8FL,END CAP,F88-SW-0200-XXX,"2""",CF3M,SW,,MAR001,56113,ATC32713A-d F88-SW,2021-01-22,ATC32713A-d F88-SW.pdf
,07YBW,BODY,F88C-SW-0300-XXX,"3""",WCB,SW,,MAR001,56113,ATC32713A-e F88C-SW,2021-01-22,ATC32713A-e F88C-SW.pdf
,07YCW,BODY,F88C-SW-0300-XXX,"3""",WCB,SW,,MAR001,56113,ATC32713A-e F88C-SW,2021-01-22,ATC32713A-e F88C-SW.pdf
,0M3FW,END CAP,F88C-SW-0300-XXX,"3""",WCB,SW,,MAR001,56113,ATC32713A-e F88C-SW,2021-01-22,ATC32713A-e F88C-SW.pdf
,0M3GW,END CAP,F88C-SW-0300-XXX,"3""",WCB,SW,,MAR001,56113,ATC32713A-e F88C-SW,2021-01-22,ATC32713A-e F88C-SW.pdf
,0N4PW,END CAP,F88C-SW-0300-XXX,"3""",WCB,SW,,MAR001,56113,ATC32713A-e F88C-SW,2021-01-22,ATC32713A-e F88C-SW.pdf
,0N4RW,END CAP,F88C-SW-0300-XXX,"3""",WCB,SW,,MAR001,56113,ATC32713A-e F88C-SW,2021-01-22,ATC32713A-e F88C-SW.pdf
,0EX1S,BODY,D9-F1-0300-XXX,"3""",CF8M,F1,,MAR001,56113,ATC32713A-f D9-F1,2021-01-22,ATC32713A-f D9-F1.pdf
,0KK7S,BODY,D9-F1-0300-XXX,"3""",CF8M,F1,,MAR001,56113,ATC32713A-f D9-F1,2021-01-22,ATC32713A-f D9-F1.pdf
,0KXAS,BODY,D9-F1-0300-XXX,"3""",CF8M,F1,,MAR001,56113,ATC32713A-f D9-F1,2021-01-22,ATC32713A-f D9-F1.pdf
,0KXBS,BODY,D9-F1-0300-XXX,"3""",CF8M,F1,,MAR001,56113,ATC32713A-f D9-F1,2021-01-22,ATC32713A-f D9-F1.pdf
,0LUVS,BODY,D9-F1-0300-XXX,"3""",CF8M,F1,,MAR001,56113,ATC32713A-f D9-F1,2021-01-22,ATC32713A-f D9-F1.pdf
,0LUWS,BODY,D9-F1-0300-XXX,"3""",CF8M,F1,,MAR001,56113,ATC32713A-f D9-F1,2021-01-22,ATC32713A-f D9-F1.pdf
,0LUXS,BODY,D9-F1-0300-XXX,"3""",CF8M,F1,,MAR001,56113,ATC32713A-f D9-F1,2021-01-22,ATC32713A-f D9-F1.pdf
,0LUYS,BODY,D9-F1-0300-XXX,"3""",CF8M,F1,,MAR001,56113,ATC32713A-f D9-F1,2021-01-22,ATC32713A-f D9-F1.pdf
,0LUZS,BODY,D9-F1-0300-XXX,"3""",CF8M,F1,,MAR001,56113,ATC32713A-f D9-F1,2021-01-22,ATC32713A-f D9-F1.pdf
,0EENS,END CAP,D9-F1-0300-XXX,"3""",CF8M,F1,,MAR001,56113,ATC32713A-f D9-F1,2021-01-22,ATC32713A-f D9-F1.pdf
,0EEPS,END CAP,D9-F1-0300-XXX,"3""",CF8M,F1,,MAR001,56113,ATC32713A-f D9-F1,2021-01-22,ATC32713A-f D9-F1.pdf
,0EEQS,END CAP,D9-F1-0300-XXX,"3""",CF8M,F1,,MAR001,56113,ATC32713A-f D9-F1,2021-01-22,ATC32713A-f D9-F1.pdf
,0EESS,END CAP,D9-F1-0300-XXX,"3""",CF8M,F1,,MAR001,56113,ATC32713A-f D9-F1,2021-01-22,ATC32713A-f D9-F1.pdf
,0EX6S,END CAP,D9-F1-0300-XXX,"3""",CF8M,F1,,MAR001,56113,ATC32713A-f D9-F1,2021-01-22,ATC32713A-f D9-F1.pdf
,0EX7S,END CAP,D9-F1-0300-XXX,"3""",CF8M,F1,,MAR001,56113,ATC32713A-f D9-F1,2021-01-22,ATC32713A-f D9-F1.pdf
,0EX8S,END CAP,D9-F1-0300-XXX,"3""",CF8M,F1,,MAR001,56113,ATC32713A-f D9-F1,2021-01-22,ATC32713A-f D9-F1.pdf
,8LYIW,BODY,F90C-F1-0300-XXX,"3""",WCB,F1,,MAR001,56114,ATC32714A F90C-F1,2021-01-22,ATC32714A F90C-F1.pdf
,9KPKW,BODY,F90C-F1-0300-XXX,"3""",WCB,F1,,MAR001,56114,ATC32714A F90C-F1,2021-01-22,ATC32714A F90C-F1.pdf
,9KPLW,BODY,F90C-F1-0300-XXX,"3""",WCB,F1,,MAR001,56114,ATC32714A F90C-F1,2021-01-22,ATC32714A F90C-F1.pdf
,9KPMW,BODY,F90C-F1-0300-XXX,"3""",WCB,F1,,MAR001,56114,ATC32714A F90C-F1,2021-01-22,ATC32714A F90C-F1.pdf
,9KPNW,BODY,F90C-F1-0300-XXX,"3""",WCB,F1,,MAR001,56114,ATC32714A F90C-F1,2021-01-22,ATC32714A F90C-F1.pdf
,9KPOW,BODY,F90C-F1-0300-XXX,"3""",WCB,F1,,MAR001,56114,ATC32714A F90C-F1,2021-01-22,ATC32714A F90C-F1.pdf
,9KPSW,BODY,F90C-F1-0300-XXX,"3""",WCB,F1,,MAR001,56114,ATC32714A F90C-F1,2021-01-22,ATC32714A F90C-F1.pdf
,9KPTW,BODY,F90C-F1-0300-XXX,"3""",WCB,F1,,MAR001,56114,ATC32714A F90C-F1,2021-01-22,ATC32714A F90C-F1.pdf
,9KPUW,BODY,F90C-F1-0300-XXX,"3""",WCB,F1,,MAR001,56114,ATC32714A F90C-F1,2021-01-22,ATC32714A F90C-F1.pdf
,0KKEW,END CAP,F90C-F1-0300-XXX,"3""",WCB,F1,,MAR001,56114,ATC32714A F90C-F1,2021-01-22,ATC32714A F90C-F1.pdf
,0KKJW,END CAP,F90C-F1-0300-XXX,"3""",WCB,F1,,MAR001,56114,ATC32714A F90C-F1,2021-01-22,ATC32714A F90C-F1.pdf
,0KY1W,END CAP,F90C-F1-0300-XXX,"3""",WCB,F1,,MAR001,56114,ATC32714A F90C-F1,2021-01-22,ATC32714A F90C-F1.pdf
,0KY2W,END CAP,F90C-F1-0300-XXX,"3""",WCB,F1,,MAR001,56114,ATC32714A F90C-F1,2021-01-22,ATC32714A F90C-F1.pdf
,0KY3W,END CAP,F90C-F1-0300-XXX,"3""",WCB,F1,,MAR001,56114,ATC32714A F90C-F1,2021-01-22,ATC32714A F90C-F1.pdf
,0KY4W,END CAP,F90C-F1-0300-XXX,"3""",WCB,F1,,MAR001,56114,ATC32714A F90C-F1,2021-01-22,ATC32714A F90C-F1.pdf
,0KY5W,END CAP,F90C-F1-0300-XXX,"3""",WCB,F1,,MAR001,56114,ATC32714A F90C-F1,2021-01-22,ATC32714A F90C-F1.pdf
,0M6CS,BODY,FD9-F3-0075-XXX,"3/4""",CF8M,F3,,MAR001,56114,ATC32714A-a FD9-F3,2021-01-22,ATC32714A-a FD9-F3.pdf
,0F7DS,END CAP,FD9-F3-0075-XXX,"3/4""",CF8M,F3,,MAR001,56114,ATC32714A-a FD9-F3,2021-01-22,ATC32714A-a FD9-F3.pdf
,8A8YW,BODY,FD9C-F3-0075-XXX,"3/4""",WCB,F3,,MAR001,56114,ATC32714A-b FD9C-F3,2021-01-22,ATC32714A-b FD9C-F3.pdf
,9K16W,BODY,FD9C-F3-0075-XXX,"3/4""",WCB,F3,,MAR001,56114,ATC32714A-b FD9C-F3,2021-01-22,ATC32714A-b FD9C-F3.pdf
,8A8ZW,END CAP,FD9C-F3-0075-XXX,"3/4""",WCB,F3,,MAR001,56114,ATC32714A-b FD9C-F3,2021-01-22,ATC32714A-b FD9C-F3.pdf
,8B8NW,END CAP,FD9C-F3-0075-XXX,"3/4""",WCB,F3,,MAR001,56114,ATC32714A-b FD9C-F3,2021-01-22,ATC32714A-b FD9C-F3.pdf
,9K18W,END CAP,FD9C-F3-0075-XXX,"3/4""",WCB,F3,,MAR001,56114,ATC32714A-b FD9C-F3,2021-01-22,ATC32714A-b FD9C-F3.pdf
,0KJAS,BODY,V8TH0050SXX3,"1/2""",CF8M,TH,,MAR001,56115,ATC32715A V8TH,2021-01-22,ATC32715A V8TH.pdf
,0KQ4S,END CAP,V8TH0050SXX3,"1/2""",CF8M,TH,,MAR001,56115,ATC32715A V8TH,2021-01-22,ATC32715A V8TH.pdf
,0LRWS,END CAP,V8TH0050SXX3,"1/2""",CF8M,TH,,MAR001,56115,ATC32715A V8TH,2021-01-22,ATC32715A V8TH.pdf
,0FUXS,BODY,V8TH0075SXX3,"3/4""",CF8M,TH,,MAR001,56115,ATC32715A V8TH,2021-01-22,ATC32715A V8TH.pdf
,0LTZS,BODY,V8TH0075SXX3,"3/4""",CF8M,TH,,MAR001,56115,ATC32715A V8TH,2021-01-22,ATC32715A V8TH.pdf
,0E8XS,END CAP,V8TH0075SXX3 STFE /NP,"3/4""",CF8M,TH,,MAR001,56115,ATC32715A V8TH,2021-01-22,ATC32715A V8TH.pdf
,0E8YS,END CAP,V8TH0075SXX3,"3/4""",CF8M,TH,,MAR001,56115,ATC32715A V8TH,2021-01-22,ATC32715A V8TH.pdf
,0E5TS,BODY,V8TH0050SXX6,"1/2""",CF8M,TH,,MAR001,56115,ATC32715A-a V8TH,2021-01-22,ATC32715A-a V8TH.pdf
,0KJAS,BODY,V8TH0050SXX6,"1/2""",CF8M,TH,,MAR001,56115,ATC32715A-a V8TH,2021-01-22,ATC32715A-a V8TH.pdf
,0LCYS,BODY,V8TH0050SXX6,"1/2""",CF8M,TH,,MAR001,56115,ATC32715A-a V8TH,2021-01-22,ATC32715A-a V8TH.pdf
,0LHPS,END CAP,V8TH0050SXX6,"1/2""",CF8M,TH,,MAR001,56115,ATC32715A-a V8TH,2021-01-22,ATC32715A-a V8TH.pdf
,9GZ2S,BODY,V8TH0200SXX6,"2""",CF8M,TH,,MAR001,56115,ATC32715A-a V8TH,2021-01-22,ATC32715A-a V8TH.pdf
,9GZ5S,BODY,V8TH0200SXX6,"2""",CF8M,TH,,MAR001,56115,ATC32715A-a V8TH,2021-01-22,ATC32715A-a V8TH.pdf
,9GZ6S,BODY,V8TH0200SXX6,"2""",CF8M,TH,,MAR001,56115,ATC32715A-a V8TH,2021-01-22,ATC32715A-a V8TH.pdf
,9GZ7S,BODY,V8TH0200SXX6,"2""",CF8M,TH,,MAR001,56115,ATC32715A-a V8TH,2021-01-22,ATC32715A-a V8TH.pdf
,9GZ8S,BODY,V8TH0200SXX6,"2""",CF8M,TH,,MAR001,56115,ATC32715A-a V8TH,2021-01-22,ATC32715A-a V8TH.pdf
,9GZ9S,BODY,V8TH0200SXX6,"2""",CF8M,TH,,MAR001,56115,ATC32715A-a V8TH,2021-01-22,ATC32715A-a V8TH.pdf
,9GZAS,BODY,V8TH0200SXX6,"2""",CF8M,TH,,MAR001,56115,ATC32715A-a V8TH,2021-01-22,ATC32715A-a V8TH.pdf
,9GZBS,BODY,V8TH0200SXX6,"2""",CF8M,TH,,MAR001,56115,ATC32715A-a V8TH,2021-01-22,ATC32715A-a V8TH.pdf
,9KMDS,BODY,V8TH0200SXX6,"2""",CF8M,TH,,MAR001,56115,ATC32715A-a V8TH,2021-01-22,ATC32715A-a V8TH.pdf
,9KMES,BODY,V8TH0200SXX6,"2""",CF8M,TH,,MAR001,56115,ATC32715A-a V8TH,2021-01-22,ATC32715A-a V8TH.pdf
,0E5NS,END CAP,V8TH0200SXX6,"2""",CF8M,TH,,MAR001,56115,ATC32715A-a V8TH,2021-01-22,ATC32715A-a V8TH.pdf
,0E5QS,END CAP,V8TH0200SXX6,"2""",CF8M,TH,,MAR001,56115,ATC32715A-a V8TH,2021-01-22,ATC32715A-a V8TH.pdf
,0FUHS,END CAP,V8TH0200SXX6,"2""",CF8M,TH,,MAR001,56115,ATC32715A-a V8TH,2021-01-22,ATC32715A-a V8TH.pdf
,0FUJS,END CAP,V8TH0200SXX6,"2""",CF8M,TH,,MAR001,56115,ATC32715A-a V8TH,2021-01-22,ATC32715A-a V8TH.pdf
,0FUKS,END CAP,V8TH0200SXX6,"2""",CF8M,TH,,MAR001,56115,ATC32715A-a V8TH,2021-01-22,ATC32715A-a V8TH.pdf
,0LF3S,END CAP,V8TH0200SXX6,"2""",CF8M,TH,,MAR001,56115,ATC32715A-a V8TH,2021-01-22,ATC32715A-a V8TH.pdf
,0LF4S,END CAP,V8TH0200SXX6,"2""",CF8M,TH,,MAR001,56115,ATC32715A-a V8TH,2021-01-22,ATC32715A-a V8TH.pdf
,0LF6S,END CAP,V8TH0200SXX6,"2""",CF8M,TH,,MAR001,56115,ATC32715A-a V8TH,2021-01-22,ATC32715A-a V8TH.pdf
,0EU4S,BODY,V9F10150SXX6,"1-1/2""",CF8M,F1,,MAR001,56115,ATC32715A-b V9F1,2021-01-22,ATC32715A-b V9F1.pdf
,0EU5S,BODY,V9F10150SXX6,"1-1/2""",CF8M,F1,,MAR001,56115,ATC32715A-b V9F1,2021-01-22,ATC32715A-b V9F1.pdf
,0EU6S,BODY,V9F10150SXX6,"1-1/2""",CF8M,F1,,MAR001,56115,ATC32715A-b V9F1,2021-01-22,ATC32715A-b V9F1.pdf
,0EU7S,BODY,V9F10150SXX6,"1-1/2""",CF8M,F1,,MAR001,56115,ATC32715A-b V9F1,2021-01-22,ATC32715A-b V9F1.pdf
,0KT4S,END CAP,V9F10150SXX6,"1-1/2""",CF8M,F1,,MAR001,56115,ATC32715A-b V9F1,2021-01-22,ATC32715A-b V9F1.pdf
,0KT6S,END CAP,V9F10150SXX6,"1-1/2""",CF8M,F1,,MAR001,56115,ATC32715A-b V9F1,2021-01-22,ATC32715A-b V9F1.pdf
,0KT7S,END CAP,V9F10150SXX6,"1-1/2""",CF8M,F1,,MAR001,56115,ATC32715A-b V9F1,2021-01-22,ATC32715A-b V9F1.pdf
,0KT8S,END CAP,V9F10150SXX6,"1-1/2""",CF8M,F1,,MAR001,56115,ATC32715A-b V9F1,2021-01-22,ATC32715A-b V9F1.pdf
,0KT9S,END CAP,V9F10150SXX6,"1-1/2""",CF8M,F1,,MAR001,56115,ATC32715A-b V9F1,2021-01-22,ATC32715A-b V9F1.pdf
,0KX4S,END CAP,V9F10150SXX6,"1-1/2""",CF8M,F1,,MAR001,56115,ATC32715A-b V9F1,2021-01-22,ATC32715A-b V9F1.pdf
,HLS6AZ1,BALL,77-V60-0200-BAL,"2""",,,,MAR001,56204,ATC32799C BALL ,2021-01-22,ATC32799C BALL .pdf
,0KS3L,END CAP,88-SW-0200-END,"2""",CF3M,SW,,MAR001,56204,ATC32799C-a  88-SW,2021-01-22,ATC32799C-a  88-SW.pdf
,0KUCL,END CAP,88-SW-0200-END,"2""",CF3M,SW,,MAR001,56204,ATC32799C-a  88-SW,2021-01-22,ATC32799C-a  88-SW.pdf
,0KUDL,END CAP,88-SW-0200-END,"2""",CF3M,SW,,MAR001,56204,ATC32799C-a  88-SW,2021-01-22,ATC32799C-a  88-SW.pdf
,0KUEL,END CAP,88-SW-0200-END,"2""",CF3M,SW,,MAR001,56204,ATC32799C-a  88-SW,2021-01-22,ATC32799C-a  88-SW.pdf
,0L49L,END CAP,88-SW-0200-END,"2""",CF3M,SW,,MAR001,56204,ATC32799C-a  88-SW,2021-01-22,ATC32799C-a  88-SW.pdf
,094KS,BODY,F91-F1-0200-XXX,"2""",CF8M,F1,,MAR001,56242,ATC32809B F91-F1,2021-01-22,ATC32809B F91-F1.pdf
,094LS,BODY,F91-F1-0200-XXX,"2""",CF8M,F1,,MAR001,56242,ATC32809B F91-F1,2021-01-22,ATC32809B F91-F1.pdf
,094MS,BODY,F91-F1-0200-XXX,"2""",CF8M,F1,,MAR001,56242,ATC32809B F91-F1,2021-01-22,ATC32809B F91-F1.pdf
,094PS,BODY,F91-F1-0200-XXX,"2""",CF8M,F1,,MAR001,56242,ATC32809B F91-F1,2021-01-22,ATC32809B F91-F1.pdf
,977VS,BODY,F91-F1-0200-XXX,"2""",CF8M,F1,,MAR001,56242,ATC32809B F91-F1,2021-01-22,ATC32809B F91-F1.pdf
,97GGS,BODY,F91-F1-0200-XXX,"2""",CF8M,F1,,MAR001,56242,ATC32809B F91-F1,2021-01-22,ATC32809B F91-F1.pdf
,99F3S,BODY,F91-F1-0200-XXX,"2""",CF8M,F1,,MAR001,56242,ATC32809B F91-F1,2021-01-22,ATC32809B F91-F1.pdf
,99F4S,BODY,F91-F1-0200-XXX,"2""",CF8M,F1,,MAR001,56242,ATC32809B F91-F1,2021-01-22,ATC32809B F91-F1.pdf
,0K7AW,BODY,F90C-F1-0200-XXX,"2""",WCB,F1,,MAR001,56270,ATC32835A F90C-F1,2021-01-22,ATC32835A F90C-F1.pdf
,0K7BW,BODY,F90C-F1-0200-XXX,"2""",WCB,F1,,MAR001,56270,ATC32835A F90C-F1,2021-01-22,ATC32835A F90C-F1.pdf
,0K7CW,BODY,F90C-F1-0200-XXX,"2""",WCB,F1,,MAR001,56270,ATC32835A F90C-F1,2021-01-22,ATC32835A F90C-F1.pdf
,9K26W,BODY,F90C-F1-0200-XXX,"2""",WCB,F1,,MAR001,56270,ATC32835A F90C-F1,2021-01-22,ATC32835A F90C-F1.pdf
,0K95W,END CAP,F90C-F1-0200-XXX,"2""",WCB,F1,,MAR001,56270,ATC32835A F90C-F1,2021-01-22,ATC32835A F90C-F1.pdf
,0K96W,END CAP,F90C-F1-0200-XXX,"2""",WCB,F1,,MAR001,56270,ATC32835A F90C-F1,2021-01-22,ATC32835A F90C-F1.pdf
,0K97W,END CAP,F90C-F1-0200-XXX,"2""",WCB,F1,,MAR001,56270,ATC32835A F90C-F1,2021-01-22,ATC32835A F90C-F1.pdf
,0M37S,BODY,FD9-F3-0050-XXX,"1/2""",CF8M,F3,,MAR001,56270,ATC32835A-a FD9-F3,2021-01-22,ATC32835A-a FD9-F3.pdf
,8NYLS,BODY,FD9-F3-0050-XXX,"1/2""",CF8M,F3,,MAR001,56270,ATC32835A-a FD9-F3,2021-01-22,ATC32835A-a FD9-F3.pdf
,8NYNS,BODY,FD9-F3-0050-XXX,"1/2""",CF8M,F3,,MAR001,56270,ATC32835A-a FD9-F3,2021-01-22,ATC32835A-a FD9-F3.pdf
,0M3YS,END CAP,FD9-F3-0050-XXX,"1/2""",CF8M,F3,,MAR001,56270,ATC32835A-a FD9-F3,2021-01-22,ATC32835A-a FD9-F3.pdf
,8NYKS,END CAP,FD9-F3-0050-XXX,"1/2""",CF8M,F3,,MAR001,56270,ATC32835A-a FD9-F3,2021-01-22,ATC32835A-a FD9-F3.pdf
,8NYLS,END CAP,FD9-F3-0050-XXX,"1/2""",CF8M,F3,,MAR001,56270,ATC32835A-a FD9-F3,2021-01-22,ATC32835A-a FD9-F3.pdf
,8NYPS,END CAP,FD9-F3-0050-XXX,"1/2""",CF8M,F3,,MAR001,56270,ATC32835A-a FD9-F3,2021-01-22,ATC32835A-a FD9-F3.pdf
,7YX3W,BODY,21C-TH-0200-XXX,"2""",WCB,TH,,MAR001,56273,ATC32836A 21C-TH,2021-01-22,ATC32836A 21C-TH.pdf
,8S37W,BODY,21C-TH-0200-XXX,"2""",WCB,TH,,MAR001,56273,ATC32836A 21C-TH,2021-01-22,ATC32836A 21C-TH.pdf
,0S17W,END CAP,21C-TH-0200-XXX,"2""",WCB,TH,,MAR001,56273,ATC32836A 21C-TH,2021-01-22,ATC32836A 21C-TH.pdf
,9YYYW,END CAP,21C-TH-0200-XXX,"2""",WCB,TH,,MAR001,56273,ATC32836A 21C-TH,2021-01-22,ATC32836A 21C-TH.pdf
,4KSLS,BODY,20-TH-0300-XXX,"3""",CF8M,TH,,MAR001,56273,ATC32836A-a 20-TH,2021-01-22,ATC32836A-a 20-TH.pdf
,4KSNS,BODY,20-TH-0300-XXX,"3""",CF8M,TH,,MAR001,56273,ATC32836A-a 20-TH,2021-01-22,ATC32836A-a 20-TH.pdf
,4S3MS,BODY,20-TH-0300-XXX,"3""",CF8M,TH,,MAR001,56273,ATC32836A-a 20-TH,2021-01-22,ATC32836A-a 20-TH.pdf
,7LYKS,END CAP,20-TH-0300-XXX,"3""",CF8M,TH,,MAR001,56273,ATC32836A-a 20-TH,2021-01-22,ATC32836A-a 20-TH.pdf
,9KL1S,END CAP,20-TH-0300-XXX,"3""",CF8M,TH,,MAR001,56273,ATC32836A-a 20-TH,2021-01-22,ATC32836A-a 20-TH.pdf
,9KYXS,END CAP,20-TH-0300-XXX,"3""",CF8M,TH,,MAR001,56273,ATC32836A-a 20-TH,2021-01-22,ATC32836A-a 20-TH.pdf
,0E5TS,BODY,V8TH0050SXX3,"1/2""",CF8M,TH,,MAR001,56273,ATC32836A-b V8TH,2021-01-22,ATC32836A-b V8TH.pdf
,0E5US,BODY,V8TH0050SXX3,"1/2""",CF8M,TH,,MAR001,56273,ATC32836A-b V8TH,2021-01-22,ATC32836A-b V8TH.pdf
,0F2MS,BODY,V8TH0050SXX3,"1/2""",CF8M,TH,,MAR001,56273,ATC32836A-b V8TH,2021-01-22,ATC32836A-b V8TH.pdf
,8FTTS,BODY,V8TH0050SXX3,"1/2""",CF8M,TH,,MAR001,56273,ATC32836A-b V8TH,2021-01-22,ATC32836A-b V8TH.pdf
,9GJSS,BODY,V8TH0050SXX3,"1/2""",CF8M,TH,,MAR001,56273,ATC32836A-b V8TH,2021-01-22,ATC32836A-b V8TH.pdf
,0LHPS,END CAP,V8TH0050SXX3,"1/2""",CF8M,TH,,MAR001,56273,ATC32836A-b V8TH,2021-01-22,ATC32836A-b V8TH.pdf
,925DW,BODY,90C-F1-0250-XXX,"2-1/2""",WCB,F1,,MAR001,56273,ATC32836A-c 90C-F1,2021-01-22,ATC32836A-c 90C-F1.pdf
,9S13W,END CAP,90C-F1-0250-XXX,"2-1/2""",WCB,F1,,MAR001,56273,ATC32836A-c 90C-F1,2021-01-22,ATC32836A-c 90C-F1.pdf
,9S5RW,END CAP,90C-F1-0250-XXX,"2-1/2""",WCB,F1,,MAR001,56273,ATC32836A-c 90C-F1,2021-01-22,ATC32836A-c 90C-F1.pdf
,9S5SW,END CAP,90C-F1-0250-XXX,"2-1/2""",WCB,F1,,MAR001,56273,ATC32836A-c 90C-F1,2021-01-22,ATC32836A-c 90C-F1.pdf
,HLS7B4S,BALL,77-V30-0150-BAL,"1-1/2""",CF8M,,,MAR001,56275,ATC32838B BALL,2021-01-22,ATC32838B BALL.pdf
,HLS4C6N,BALL,77-V30-0200-BAL,"2""",,,,MAR001,56275,ATC32838B BALL,2021-01-22,ATC32838B BALL.pdf
,HLS5B8A,BALL,77-V60-0250-BAL,"2-1/2""",,,,MAR001,56275,ATC32838B-a BALL,2021-01-22,ATC32838B-a BALL.pdf
,HLS4C6S,BALL,77-V60-0300-BAL,"3""",CF8M,,,MAR001,56275,ATC32838B-a BALL,2021-01-22,ATC32838B-a BALL.pdf
,HLS0A2V,BALL,77-V60-0300-BAL,"3""",,,,MAR001,56275,ATC32838B-a BALL,2021-01-22,ATC32838B-a BALL.pdf
,9KQFL,END CAP,F8R-SW-0150-END,"1-1/2""",CF3M,SW,,MAR001,56349,ATC32862 F8R-SW,2021-01-22,ATC32862 F8R-SW.pdf
,9KQGL,END CAP,F8R-SW-0150-END,"1-1/2""",CF3M,SW,,MAR001,56349,ATC32862 F8R-SW,2021-01-22,ATC32862 F8R-SW.pdf
,9KW9L,END CAP,F8R-SW-0150-END,"1-1/2""",CF3M,SW,,MAR001,56349,ATC32862 F8R-SW,2021-01-22,ATC32862 F8R-SW.pdf
,9KWAL,END CAP,F8R-SW-0150-END,"1-1/2""",CF3M,SW,,MAR001,56349,ATC32862 F8R-SW,2021-01-22,ATC32862 F8R-SW.pdf
,9KWBL,END CAP,F8R-SW-0150-END,"1-1/2""",CF3M,SW,,MAR001,56349,ATC32862 F8R-SW,2021-01-22,ATC32862 F8R-SW.pdf
,0EV5L,END CAP,77-ODT-0050-EXT,"1/2""",CF3M,,,MAR001,56366,ATC32874A 77-ODT,2021-01-22,ATC32874A 77-ODT.pdf
,0KUTL,END CAP,77-ODT-0050-EXT,"1/2""",CF3M,,,MAR001,56366,ATC32874A 77-ODT,2021-01-22,ATC32874A 77-ODT.pdf
,6SZ9W,BODY,21C-TH-0150-XXX,"1-1/2""",WCB,TH,,MAR001,56436,ATC32925A 21C-TH,2021-01-22,ATC32925A 21C-TH.pdf
,824XW,END CAP,21C-TH-0150-XXX,"1-1/2""",WCB,TH,,MAR001,56436,ATC32925A 21C-TH,2021-01-22,ATC32925A 21C-TH.pdf
,8Y4SW,END CAP,21C-TH-0150-XXX,"1-1/2""",WCB,TH,,MAR001,56436,ATC32925A 21C-TH,2021-01-22,ATC32925A 21C-TH.pdf
,434NW,END CAP,F88C-BW-0300-END,"3""",WCB,BW,,MAR001,56438,ATC32927A F88C-BW,2021-01-22,ATC32927A F88C-BW.pdf
,5KY2W,END CAP,F88C-BW-0300-END,"3""",WCB,BW,,MAR001,56438,ATC32927A F88C-BW,2021-01-22,ATC32927A F88C-BW.pdf
,5PZHW,END CAP,F88C-BW-0300-END,"3""",WCB,BW,,MAR001,56438,ATC32927A F88C-BW,2021-01-22,ATC32927A F88C-BW.pdf
,0L2SL,END CAP,88-BW-0125-END,"1-1/4""",CF3M,BW,,MAR001,56438,ATC32927A-a 88-BW,2021-01-22,ATC32927A-a 88-BW.pdf
,0K5LW,END CAP,88C-BW-0100-END,"1""",WCB,BW,,MAR001,56438,ATC32927A-b 88C-BW,2021-01-22,ATC32927A-b 88C-BW.pdf
,0KFJW,END CAP,88C-BW-0100-END,"1""",WCB,BW,,MAR001,56438,ATC32927A-b 88C-BW,2021-01-22,ATC32927A-b 88C-BW.pdf
